,time,id,path,target_rcm.task.values,target_rcm.p_trocar_position.x,target_rcm.p_trocar_position.y,target_rcm.p_trocar_position.z,final_rcm.task.values,final_rcm.p_trocar_position.x,final_rcm.p_trocar_position.y,final_rcm.p_trocar_position.z
0,1621952200.912357,2,"[2, 1, 0]","(0.8486629463321864, -0.11915712592995335, 0.1325760324949804, -2.7652874304240154)",0.8431703368685132,-0.057744388495068785,0.19798882544659277,"(0.8486633630637767, -0.11915849211141673, 0.132579871982071, -2.76528362862114)",0.8431708226676637,-0.05774754360544122,0.19799057690162786
1,1621952204.488511,1,"[2, 1, 0]","(0.8487119130516503, -0.12088085528306867, 0.13070455750799212, -3.0207800521711046)",0.8431600860663012,-0.05765081831348666,0.19790939539764918,"(0.8509088427721061, -0.11775812243754247, 0.1309279983323093, -2.9200743884982256)",0.843414498971354,-0.05344860568281121,0.19761598752327209
2,1621952237.2076201,0,"[2, 1, 0]","(0.8454723322779194, -0.08480654061074268, 0.16905736394599666, -3.0268122999812443)",0.8431798010742241,-0.05769190444543705,0.19794611387891717,"(0.8469929377667151, -0.0962078266183441, 0.1534380234840914, -3.0227704886921853)",0.8432005391328997,-0.056720413478370396,0.19763686485676432
